{"stat.pickup.minecraft.bone":6,"stat.leaveGame":14,"stat.mineBlock.minecraft.cobblestone":3,"stat.craftItem.tombstone.grave_key":1,"stat.swimOneCm":3541,"stat.pickup.zawa.worm":1,"stat.useItem.minecraft.planks":2,"stat.useItem.minecraft.dirt":4,"stat.useItem.minecraft.stone_slab2":18,"stat.craftItem.minecraft.furnace":1,"stat.useItem.minecraft.egg":1,"stat.craftItem.minecraft.stone_axe":1,"stat.craftItem.minecraft.stone_pickaxe":1,"stat.craftItem.minecraft.cooked_beef":15,"stat.pickup.minecraft.cobblestone":44,"stat.mineBlock.chisel.limestone2":8,"stat.craftItem.minecraft.stone_sword":1,"stat.flyOneCm":100619,"stat.entityKilledBy.firedragon":3,"stat.pickup.iceandfire.ash":1,"stat.useItem.minecraft.cooked_beef":11,"stat.mineBlock.minecraft.iron_ore":15,"stat.timeSinceDeath":3954,"stat.useItem.minecraft.iron_pickaxe":5,"stat.craftItem.minecraft.wooden_pickaxe":1,"stat.pickup.minecraft.mutton":5,"stat.pickup.minecraft.double_plant":1,"stat.mineBlock.chisel.marble2":7,"stat.furnaceInteraction":13,"stat.mineBlock.minecraft.coal_ore":8,"stat.pickup.minecraft.beef":20,"stat.useItem.minecraft.cooked_mutton":2,"stat.pickup.minecraft.furnace":1,"stat.craftItem.minecraft.stone_slab2":0,"stat.sprintOneCm":109876,"stat.craftItem.minecraft.stick":16,"stat.craftItem.minecraft.wooden_axe":1,"stat.mineBlock.iceandfire.ash":1,"stat.mineBlock.minecraft.crafting_table":3,"stat.useItem.minecraft.beef":1,"stat.deaths":9,"stat.drop":1,"stat.pickup.minecraft.egg":1,"stat.playOneMinute":51971,"stat.drop.tombstone.grave_key":1,"stat.killEntity.Sheep":3,"stat.pickup.tombstone.grave_key":1,"stat.craftItem.minecraft.iron_pickaxe":1,"stat.pickup.zawa.care_guide":1,"stat.pickup.chisel.marble2":7,"stat.mineBlock.minecraft.tallgrass":9,"stat.diveOneCm":1921,"stat.pickup.minecraft.cooked_mutton":2,"stat.chestOpened":1,"stat.useItem.minecraft.stone":2,"stat.pickup.minecraft.gravel":3,"stat.useItem.minecraft.apple":1,"stat.jump":847,"stat.pickup.minecraft.coal":12,"stat.fallOneCm":30351,"stat.useItem.minecraft.stone_axe":20,"stat.crouchOneCm":2803,"stat.craftItem.minecraft.iron_ingot":11,"stat.pickup.minecraft.dirt":9,"stat.craftingTableInteraction":15,"stat.pickup.minecraft.iron_ore":16,"stat.damageTaken":2791,"stat.pickup.minecraft.leather":12,"stat.mineBlock.minecraft.furnace":1,"stat.useItem.minecraft.wooden_pickaxe":8,"stat.pickup.minecraft.reeds":1,"stat.pickup.chisel.limestone2":8,"stat.useItem.tombstone.grave_key":1,"tombstone:undead_killed":4,"stat.pickup.minecraft.wheat_seeds":1,"stat.mineBlock.minecraft.gravel":3,"stat.useItem.minecraft.stone_pickaxe":77,"stat.useItem.minecraft.stone_sword":24,"stat.damageDealt":2344,"stat.killEntity.Cow":11,"stat.mineBlock.minecraft.dirt":9,"stat.craftItem.minecraft.iron_sword":1,"stat.mineBlock.minecraft.monster_egg":1,"stat.walkOneCm":87053,"stat.pickup.minecraft.stick":11,"stat.pickup.minecraft.crafting_table":3,"stat.useItem.minecraft.cobblestone":24,"stat.craftItem.minecraft.crafting_table":2,"stat.useItem.minecraft.gravel":2,"stat.pickup.minecraft.log":23,"stat.useItem.tombstone.gift":1,"stat.pickup.minecraft.stone":4,"stat.pickup.minecraft.sapling":6,"stat.pickup.minecraft.ender_pearl":1,"stat.pickup.minecraft.apple":1,"stat.killEntity.Skeleton":4,"stat.craftItem.minecraft.planks":28,"stat.useItem.minecraft.iron_sword":3,"stat.mobKills":20,"stat.mineBlock.minecraft.log":7,"stat.mineBlock.minecraft.leaves":32,"stat.entityKilledBy.Silverfish":1,"stat.sneakTime":1453,"stat.pickup.minecraft.wool":3,"stat.useItem.minecraft.wooden_axe":15,"stat.mineBlock.minecraft.stone":46}