{"stat.walkOneCm":21480,"stat.craftItem.minecraft.planks":16,"stat.leaveGame":1,"stat.pickup.minecraft.crafting_table":1,"stat.damageTaken":960,"stat.mineBlock.minecraft.crafting_table":1,"stat.craftItem.minecraft.crafting_table":1,"stat.mobKills":1,"stat.mineBlock.minecraft.log":4,"stat.pickup.minecraft.log":4,"stat.flyOneCm":23973,"stat.deaths":4,"stat.jump":215,"stat.mineBlock.minecraft.leaves":6,"stat.swimOneCm":141,"stat.playOneMinute":10442,"stat.fallOneCm":9379,"stat.useItem.tombstone.gift":1,"stat.sneakTime":2,"stat.damageDealt":194,"stat.pickup.zawa.care_guide":1,"stat.timeSinceDeath":499,"stat.pickup.minecraft.sapling":2,"stat.sprintOneCm":27832,"stat.useItem.minecraft.stone_slab2":2,"stat.craftItem.minecraft.wooden_pickaxe":1,"stat.mineBlock.minecraft.tallgrass":1,"stat.craftItem.minecraft.stick":12,"stat.craftingTableInteraction":1}