{"stat.pickup.fossil.fossil_seed_fern":1,"stat.pickup.minecraft.bone":2,"stat.entityKilledBy.abyssalcraft.lessershoggoth":2,"stat.leaveGame":4,"stat.mineBlock.minecraft.cobblestone":6,"stat.swimOneCm":3443,"stat.pickup.zawa.worm":3,"stat.craftItem.minecraft.shield":1,"stat.useItem.minecraft.dirt":6,"stat.useItem.minecraft.stone_slab2":53,"stat.useItem.minecraft.water_bucket":3,"stat.pickup.minecraft.rotten_flesh":11,"stat.pickup.minecraft.sand":5,"stat.craftItem.minecraft.furnace":4,"stat.craftItem.minecraft.stone_axe":1,"stat.craftItem.minecraft.iron_boots":1,"stat.mineBlock.fossil.permafrost":2,"stat.drop.minecraft.ender_pearl":1,"stat.craftItem.minecraft.stone_pickaxe":1,"stat.craftItem.minecraft.cooked_beef":4,"stat.pickup.minecraft.cobblestone":272,"stat.mineBlock.chisel.limestone2":1,"stat.mineBlock.fossil.iced_stone":4,"stat.flyOneCm":166774,"stat.mineBlock.minecraft.sand":5,"stat.useItem.minecraft.cooked_beef":4,"stat.pickup.minecraft.redstone":19,"stat.mineBlock.minecraft.iron_ore":141,"stat.timeSinceDeath":42430,"stat.useItem.minecraft.iron_pickaxe":543,"stat.craftItem.minecraft.wooden_pickaxe":1,"stat.pickup.minecraft.mutton":39,"stat.drop.minecraft.cooked_mutton":2,"stat.pickup.minecraft.double_plant":1,"stat.killEntity.Bat":2,"stat.craftItem.minecraft.bed":1,"stat.furnaceInteraction":44,"stat.killEntity.ZombieVillager":2,"stat.mineBlock.minecraft.coal_ore":107,"stat.killEntity.Creeper":1,"stat.pickup.abyssalcraft.nitre":5,"stat.pickup.minecraft.furnace":6,"stat.useItem.minecraft.cooked_mutton":18,"stat.pickup.tombstone.crafting_ingredient":4,"stat.craftItem.minecraft.stone_slab2":0,"stat.sprintOneCm":61095,"stat.craftItem.minecraft.stick":52,"stat.mineBlock.minecraft.diamond_ore":8,"stat.mineBlock.minecraft.crafting_table":7,"stat.deaths":3,"stat.drop":9,"stat.playOneMinute":57082,"stat.drop.tombstone.grave_key":1,"stat.killEntity.Sheep":26,"stat.craftItem.minecraft.iron_pickaxe":3,"stat.killEntity.Zombie":7,"stat.pickup.zawa.care_guide":1,"stat.mineBlock.minecraft.gold_ore":4,"stat.mineBlock.minecraft.tallgrass":1,"stat.craftItem.minecraft.cooked_mutton":39,"stat.diveOneCm":3649,"stat.mineBlock.abyssalcraft.nitreore":3,"stat.jump":556,"stat.useItem.minecraft.sand":2,"stat.pickup.minecraft.coal":104,"stat.fallOneCm":10115,"stat.pickup.minecraft.iron_ingot":28,"stat.useItem.minecraft.stone_axe":49,"stat.pickup.minecraft.gunpowder":2,"stat.crouchOneCm":20123,"stat.pickup.minecraft.spider_eye":1,"stat.craftItem.minecraft.iron_ingot":34,"stat.craftItem.minecraft.torch":120,"stat.pickup.minecraft.dirt":9,"stat.craftItem.minecraft.iron_helmet":1,"stat.craftingTableInteraction":15,"stat.pickup.minecraft.iron_ore":143,"stat.pickup.minecraft.gold_ore":4,"stat.drop.zawa.worm":3,"stat.drop.minecraft.double_plant":1,"stat.damageTaken":1272,"stat.mineBlock.minecraft.furnace":6,"stat.mineBlock.minecraft.torch":3,"stat.useItem.minecraft.wooden_pickaxe":18,"stat.useItem.minecraft.furnace":3,"stat.pickup.chisel.limestone2":1,"stat.pickup.minecraft.bed":1,"tombstone:undead_killed":11,"stat.useItem.minecraft.stone_pickaxe":31,"stat.craftItem.minecraft.iron_leggings":1,"stat.damageDealt":4572,"stat.sleepInBed":2,"stat.mineBlock.minecraft.dirt":10,"stat.craftItem.minecraft.iron_sword":1,"stat.walkOneCm":118685,"stat.useItem.minecraft.torch":85,"stat.drop.tombstone.crafting_ingredient":1,"stat.pickup.minecraft.crafting_table":7,"stat.mineBlock.densemetals.dense_iron_ore":1,"stat.useItem.minecraft.cobblestone":56,"stat.craftItem.minecraft.crafting_table":1,"stat.pickup.minecraft.log":11,"stat.useItem.tombstone.gift":1,"stat.pickup.minecraft.stone":31,"stat.craftItem.minecraft.iron_chestplate":1,"stat.killEntity.Skeleton":2,"stat.craftItem.minecraft.bucket":1,"stat.craftItem.minecraft.planks":44,"stat.useItem.minecraft.iron_sword":38,"stat.killEntity.Spider":1,"stat.mobKills":41,"stat.mineBlock.minecraft.log":11,"stat.pickup.minecraft.diamond":8,"stat.pickup.minecraft.torch":5,"stat.mineBlock.minecraft.redstone_ore":4,"stat.sneakTime":6870,"stat.pickup.minecraft.wool":26,"stat.mineBlock.minecraft.stone":296}