{"stat.leaveGame":2,"stat.craftItem.tombstone.grave_key":2,"stat.craftItem.minecraft.wool":2,"stat.swimOneCm":6000,"stat.pickup.zawa.worm":3,"stat.craftItem.minecraft.shield":1,"stat.mineBlock.minecraft.web":11,"stat.pickup.minecraft.porkchop":2,"stat.mineBlock.densemetals.dense_redstone_ore":5,"stat.useItem.minecraft.dirt":8,"stat.useItem.minecraft.cookie":5,"stat.useItem.minecraft.stone_slab2":19,"stat.pickup.minecraft.rotten_flesh":2,"stat.craftItem.minecraft.furnace":2,"stat.useItem.minecraft.egg":3,"stat.craftItem.minecraft.stone_axe":1,"stat.craftItem.minecraft.iron_boots":1,"stat.craftItem.minecraft.stone_pickaxe":1,"stat.craftItem.minecraft.cooked_beef":1,"stat.pickup.minecraft.cobblestone":490,"stat.flyOneCm":121600,"stat.entityKilledBy.firedragon":1,"stat.drop.minecraft.wheat_seeds":1,"stat.useItem.minecraft.cooked_beef":1,"stat.pickup.minecraft.redstone":81,"stat.mineBlock.minecraft.iron_ore":126,"stat.timeSinceDeath":44877,"stat.useItem.minecraft.iron_pickaxe":718,"stat.craftItem.minecraft.wooden_pickaxe":1,"stat.pickup.fossil.volcanic_rock":2,"stat.furnaceInteraction":34,"stat.useItem.minecraft.cooked_porkchop":2,"stat.killEntity.ZombieVillager":1,"stat.mineBlock.minecraft.coal_ore":73,"stat.pickup.minecraft.string":10,"stat.pickup.minecraft.beef":1,"stat.pickup.minecraft.furnace":4,"stat.craftItem.minecraft.stone_slab2":0,"stat.sprintOneCm":178918,"stat.craftItem.minecraft.stick":20,"stat.pickup.tombstone.magic_scroll":1,"stat.mineBlock.minecraft.diamond_ore":12,"stat.mineBlock.minecraft.crafting_table":5,"stat.deaths":5,"stat.drop":1,"stat.pickup.minecraft.egg":2,"stat.playOneMinute":76836,"stat.craftItem.minecraft.iron_pickaxe":3,"stat.killEntity.Zombie":2,"stat.pickup.zawa.care_guide":1,"stat.mineBlock.minecraft.gold_ore":23,"stat.mineBlock.minecraft.tallgrass":7,"stat.diveOneCm":973,"stat.chestOpened":5,"stat.useItem.minecraft.stone":2,"stat.pickup.minecraft.gravel":4,"stat.craftItem.minecraft.cooked_porkchop":2,"stat.useItem.minecraft.rotten_flesh":2,"stat.jump":1054,"stat.pickup.minecraft.coal":217,"stat.fallOneCm":26232,"stat.pickup.minecraft.iron_ingot":5,"stat.useItem.minecraft.stone_axe":32,"stat.pickup.minecraft.gunpowder":2,"stat.crouchOneCm":3135,"stat.craftItem.minecraft.torch":20,"stat.craftItem.minecraft.iron_ingot":45,"stat.pickup.minecraft.dirt":40,"stat.craftItem.minecraft.iron_helmet":1,"stat.useItem.minecraft.cooked_chicken":1,"stat.craftingTableInteraction":21,"stat.pickup.minecraft.iron_ore":125,"stat.pickup.minecraft.gold_ore":23,"stat.mineBlock.minecraft.lapis_ore":6,"stat.pickup.minecraft.cookie":5,"stat.damageTaken":1566,"stat.pickup.minecraft.feather":2,"stat.pickup.minecraft.leather":2,"stat.mineBlock.minecraft.furnace":4,"stat.mineBlock.minecraft.torch":10,"stat.useItem.minecraft.wooden_pickaxe":6,"stat.mineBlock.harvestcraft.pamcherry":1,"stat.useItem.minecraft.furnace":2,"stat.pickup.minecraft.dye":34,"tombstone:undead_killed":3,"stat.pickup.minecraft.wheat_seeds":1,"stat.entityKilledBy.Zombie":3,"stat.mineBlock.minecraft.gravel":4,"stat.useItem.minecraft.stone_pickaxe":126,"stat.craftItem.minecraft.iron_leggings":1,"stat.damageDealt":1290,"stat.mineBlock.fossil.volcanic_rock":2,"stat.killEntity.Cow":1,"stat.mineBlock.minecraft.dirt":39,"stat.killEntity.Pig":1,"stat.craftItem.minecraft.iron_sword":1,"stat.walkOneCm":160825,"stat.useItem.minecraft.torch":21,"stat.useItem.minecraft.bread":2,"stat.pickup.minecraft.crafting_table":5,"stat.useItem.minecraft.cobblestone":56,"stat.craftItem.minecraft.crafting_table":4,"stat.useItem.minecraft.gravel":2,"stat.mineBlock.harvestcraft.pampawpaw":1,"stat.pickup.minecraft.log":11,"stat.useItem.tombstone.gift":1,"stat.pickup.minecraft.stone":95,"stat.craftItem.minecraft.iron_chestplate":1,"stat.pickup.minecraft.chicken":1,"stat.pickup.minecraft.sapling":1,"stat.craftItem.minecraft.planks":44,"stat.useItem.minecraft.iron_sword":33,"stat.killEntity.Chicken":1,"stat.mobKills":6,"stat.mineBlock.minecraft.log":10,"stat.craftItem.minecraft.cooked_chicken":1,"stat.pickup.minecraft.diamond":12,"stat.mineBlock.minecraft.leaves":7,"stat.pickup.minecraft.torch":11,"stat.mineBlock.minecraft.redstone_ore":8,"stat.sneakTime":1585,"stat.mineBlock.minecraft.stone":575}