{"stat.walkOneCm":26141,"stat.pickup.minecraft.crafting_table":2,"stat.craftItem.minecraft.crafting_table":2,"stat.pickup.minecraft.log":11,"stat.jump":311,"stat.fallOneCm":14254,"stat.pickup.minecraft.beef":1,"stat.useItem.minecraft.stone_axe":20,"stat.pickup.minecraft.gunpowder":2,"stat.crouchOneCm":2,"stat.pickup.minecraft.chicken":1,"stat.pickup.minecraft.sapling":1,"stat.pickup.minecraft.dirt":1,"stat.sprintOneCm":39537,"stat.useItem.minecraft.stone_slab2":5,"stat.craftItem.minecraft.stick":8,"stat.craftingTableInteraction":5,"stat.killEntity.elementalcreepers:SpringCreeper":1,"stat.craftItem.minecraft.planks":28,"stat.killEntity.Chicken":1,"stat.useItem.minecraft.egg":3,"stat.craftItem.minecraft.stone_axe":1,"stat.damageTaken":570,"stat.mineBlock.minecraft.crafting_table":2,"stat.pickup.minecraft.feather":2,"stat.pickup.minecraft.leather":2,"stat.craftItem.minecraft.stone_pickaxe":1,"stat.useItem.minecraft.wooden_pickaxe":6,"stat.mineBlock.harvestcraft.pamcherry":1,"stat.pickup.minecraft.cobblestone":6,"stat.mobKills":2,"stat.mineBlock.minecraft.log":10,"stat.flyOneCm":52720,"stat.deaths":2,"stat.entityKilledBy.firedragon":1,"stat.pickup.minecraft.wheat_seeds":1,"stat.mineBlock.minecraft.leaves":7,"stat.pickup.minecraft.egg":2,"stat.playOneMinute":14179,"stat.useItem.minecraft.stone_pickaxe":6,"stat.sneakTime":15,"stat.damageDealt":264,"stat.timeSinceDeath":1708,"stat.pickup.zawa.care_guide":1,"stat.killEntity.Cow":1,"stat.mineBlock.minecraft.dirt":1,"stat.craftItem.minecraft.wooden_pickaxe":1,"stat.mineBlock.minecraft.stone":6,"stat.mineBlock.minecraft.tallgrass":6}